0001 Amalapuram Krishnaprinters Amarapuram,9441725024
0002 Amalapuram SRI VENKATESHWARA AMARAPURAM,9740640937
0003 Anekal 123,2423523453
0004 Anekal HABIBI GRAPHICS HUNSUR,7259870010
0005 Anekal SIGANDUR PRINTS CHANDAPUR,9880950711
0006 Arkalgud Arkalgud Printers ARKALGUDU,9844667742
0007 Arkalgud Harish Prints Arkalgud,9900734391
0008 Arkalgud Lakshmi Graphics Basavapatna,9591903310
0009 Arkalgud Vinayaka Printers Arakalagudu,9880799371
0010 Arkalgud Vinayaka Printers Arkalgud,9632899014
0011 Arsikere DHANU GRAPHICS ARASIKERE,9986603425
0012 Arsikere Eshwar offset Printers ARASIKERE,9986120383
0013 Arsikere SIDDUSHREE PRINTERS ARASIKERE,9900663058
0014 Arsikere Sri Mallikarjuna printers Banavara,9900884196
0015 Arsikere Sri Vasavi Printers Banavara,9535673338
0016 Arsikere VINAYAKA PRINTS ARSIKERE,8105449815
0017 Athni ANANDH PRINTS ATHANI,9986741500
0018 Athni MS DIGITALA ATHANI,9448693786
0019 Athni Nethaji Printers Athani,7795212170
0020 Athni Om Sai Offset Athani,7259708789